#,Project,Developer,Zone,Locality,MahaRERA Reg. No.,Possession,Poss. Month,Poss. Year,Configurations,Carpet Min (sqft),Carpet Max (sqft),Price Range (quoted),Price Min (Rs Cr),Price Max (Rs Cr),Units / Project Area,Status / Construction Notes,Date Confidence,Source,owner
1,Kohinoor Famville,Kohinoor Group,West Pune / IT Belt,Hinjewadi Ph 2,P52100051623,Dec 2027,12,2027,"2, 3 BHK",702,"1,071",90 L - 1.5 Cr,0.90,1.50,383 units / 5.44 ac,"5 towers, 19 floors; under construction",High,link,
2,Saheel Itrend City Life,Saheel Properties,West Pune / IT Belt,Hinjewadi Ph 1,P52100048252,Dec 2027,12,2027,"2, 3 BHK",709,878,80 L - 1.1 Cr,0.80,1.10,181 units / 1.13 ac,"1 tower, 18 floors; near Rajiv Gandhi IT Park",High,link,
3,VTP Bellissimo - Blue Water,VTP Realty,West Pune / IT Belt,Hinjewadi (Maan-Mahalunge Rd),P52100033888,Dec 2027,12,2027,"1, 2, 3 BHK",467,"1,443",70 L - 2.4 Cr,0.70,2.40,1000 units / 7.5 ac,"7 towers, 29 floors; phase of larger township",Medium,link,
4,Kolte Patil Life Republic - Atmos,Kolte-Patil Developers,West Pune / IT Belt,Marunji / Hinjewadi,P52100051765; P52100056082,Oct 2027,10,2027,"2, 2.5, 3 BHK",799,"1,037",70 L - 1.1 Cr,0.70,1.10,1103 units / 8.9 ac,"4 towers, 21 floors",High,link,
5,Lodha Panache,Lodha Group,West Pune / IT Belt,Hinjewadi (Blue Ridge Chowk),P52100050124,Jul 2027,7,2027,2-5 BHK,830,"2,270",1.0 - 3.1 Cr,1.00,3.10,407 units / 10.5 ac,DATE CONFLICT: another portal shows Dec 2029 - likely separate wings,Conflict,link,
6,Rohan Nidita,Rohan Builders,West Pune / IT Belt,Hinjewadi (Hira Sitai Rd),P52100050746,Mar 2027,3,2027,"2, 3 BHK",645,973,70 L - 1.1 Cr,0.70,1.10,174 units / 0.24 ac,"2 towers, 23 floors",High,link,
7,Kolte Patil 24K R5 Sector,Kolte-Patil Developers,West Pune / IT Belt,Marunji (Life Republic),,Dec 2027,12,2027,"3, 4 BHK","1,330","1,700",1.45 - 1.85 Cr,1.45,1.85,,Marketing date only; RERA not located,Low,link,
8,Vilas Yashwin Urbo Centro,Vilas Javdekar Eco Shelters,West Pune / IT Belt,Wakad,P52100053194,Dec 2027,12,2027,"2, 3, 4 BHK",682,"1,291",85 L - 1.65 Cr,0.85,1.65,~1650 units / 8.5 ac,"14 towers, 34 floors; early stage",High,link,
9,Rohan Viti,Rohan Builders,West Pune / IT Belt,Wakad,P52100046719,Dec 2027,12,2027,"2, 3 BHK",696,"1,085",90 L - 1.4 Cr,0.90,1.40,93-128 units / 1-1.5 ac,"3 towers, 10 floors",High,link,
10,Sukhwani Skylines,Sukhwani Associates,West Pune / IT Belt,Wakad,P52100021183,Dec 2027,12,2027,"2, 3 BHK",750,"1,000",90 L - 1.29 Cr,0.90,1.29,700-844 units / 6.2 ac,Phased - earlier wings already delivered; verify wing,Medium,link,
11,Chandrarang Serenity,Chandrarang Group,West Pune / IT Belt,Wakad,P52100023540,Dec 2027,12,2027,"1, 2 BHK",458,632,50 - 75 L,0.50,0.75,145 units / 1.97 ac,DATE CONFLICT: SquareYards RERA record shows Dec 2028,Conflict,link,
12,Prasanna Param,Prasanna Infracon LLP,West Pune / IT Belt,Wakad (Hinjewadi Link Rd),P52100052816,Dec 2027,12,2027,"1, 2, 3 BHK",441,"1,035",40 L - 1.2 Cr,0.40,1.20,65-173 units / 1.12 ac,Under construction,High,link,
13,Kalcon Zenone,Kalcon Infrastructure,West Pune / IT Belt,Wakad (nr Phoenix Mall),P52100053350,Sep 2027,9,2027,"2, 3 BHK",777,"1,100",1.0 - 1.5 Cr,1.00,1.50,96 units / 2.37 ac,"1 tower, 12 floors",High,link,
14,Kamalraj Athens,Kamalraj Group,West Pune / IT Belt,Wakad (Datta Mandir Rd),P52100054711; P52100028848,Jul 2027,7,2027,"2, 3 BHK",824,"1,113",1.25 - 1.75 Cr,1.25,1.75,292 units / 2.34 ac,Two phase registrations,High,link,
15,Sukhwani Ambar,Sukhwani Construction,West Pune / IT Belt,Wakad (Dange Chowk Rd),P52100026576,Jun 2027,6,2027,"2, 3 BHK",803,"1,162",90 L - 1.7 Cr,0.90,1.70,240 units / 2.44 ac,"5 towers, 21 floors",High,link,
16,Sacho Sai Pleasure,Sacho Satram Group,West Pune / IT Belt,Wakad,P52100050930,Jun 2027,6,2027,"2, 3 BHK",617,"1,140",70 L - 1.4 Cr,0.70,1.40,129 units / 2.17 ac,"3 towers, 13 floors",High,link,
17,ANP Ultimus,ANP Corp,West Pune / IT Belt,Wakad,P52100047835,Jun 2027,6,2027,"1, 2, 3 BHK",575,"1,233",70 L - 1.1 Cr,0.70,1.10,766 units / 4.15 ac,"9 towers, 34 floors; launched Nov 2022, well advanced",High,link,
18,Ganga Asmi (Wing 1),Goel Ganga Group,West Pune / IT Belt,Wakad,P52100027644; P52100034068,Jun 2027,6,2027,"2, 3 BHK",692,"1,009",80 L - 1.2 Cr,0.80,1.20,~560-603 units / 7 ac,"DATE CONFLICT: SquareYards RERA record shows Dec 2030, structure 26% (Mar 2025). Wing 2 = Dec 2028",Conflict,link,
19,RGS Forte,RGS Realty,West Pune / IT Belt,Wakad (Bhumkar Chowk),P52100034443,Mar 2027,3,2027,"2, 3 BHK",883,"1,067",1.06 - 1.28 Cr,1.06,1.28,160 units / 1.65 ac,"2 towers, 20 floors",High,link,
20,Kings County,Kings Marque Group,West Pune / IT Belt,Wakad,P52100055635,Dec 2027,12,2027,"2, 3, 4 BHK",600,"1,400",80 L - 1.95 Cr,0.80,1.95,,Under construction,Medium,link,
21,Koral Aeternaa,Koral Realty,West Pune / IT Belt,Wakad,,Dec 2027,12,2027,"2, 3 BHK",700,"1,200",80 L - 1.3 Cr,0.80,1.30,,RERA not located,Low,link,
22,Arbor Vista,AK Surana Developers,West Pune / IT Belt,Wakad,,Dec 2027,12,2027,"2, 3 BHK",655,"1,123",72.90 L+,0.73,0.73,,RERA not located,Low,link,
23,Raga Top Towers,Raga Developers,West Pune / IT Belt,Wakad,,Jul 2027,7,2027,"2, 3, 4 BHK",681,"1,039",On request,,,,RERA not located,Low,link,
24,Vilas Javdekar Indilife,Vilas Javdekar Developers,West Pune / IT Belt,Wakad,,Jun 2027,6,2027,1 RK,232,485,33.95 L,0.34,0.34,,Compact / studio-format investor product,Low,link,
25,Rohan Ekam (Phase 1),Rohan Builders,West Pune / IT Belt,Balewadi (riverside),P52100052298,Dec 2027,12,2027,"2, 3, 4 BHK",870,"2,160",1.2 - 3.1 Cr,1.20,3.10,~13 ac,"Genuinely UC - 28 of 34 floors launched, Alu-Form. Ph2/Ph3 run later",High,link,
26,Vilas Palladio Balewadi Central,Vilas Javdekar Eco Shelters,West Pune / IT Belt,Balewadi (nr High Street),P52100051590,Dec 2027,12,2027,"3, 4 BHK","1,125","1,620",1.7 - 2.43 Cr,1.70,2.43,196 units / 2.03 ac,"2 towers, 25 floors",High,link,
27,Majestique 27 Grand Residences,Majestique Landmarks,West Pune / IT Belt,Balewadi,P52100046445; P52100047314,Dec 2027,12,2027,"2, 3 BHK",821,"1,231",1.1 - 1.75 Cr,1.10,1.75,250 units / 2 ac,Tower 1 opened Apr 2022; under construction,High,link,
28,Nahar F Residences,Nahar Group,West Pune / IT Belt,Balewadi,P52100001179; P52100028283; P52100028165; P52100028925,Dec 2027,12,2027,2 BHK,"1,070","1,080",1.1 - 1.2 Cr,1.10,1.20,359 units / 8.59 ac,"4 towers, 24 floors, IGBC Platinum; 4 phase registrations - verify wing",Medium,link,
29,Platinum Marvelle,Platinum Buildcon,West Pune / IT Belt,Balewadi,P52100054345,Dec 2027,12,2027,"2, 3, 4 BHK",887,"1,711",1.15 - 2.22 Cr,1.15,2.22,69 units / 1.18 ac,Early stage,High,link,
30,The Balmoral Riverside,Kasturi Housing,West Pune / IT Belt,Balewadi,P52100028816; P52100028803,Jun 2027,6,2027,"3, 4 BHK","1,377","1,838",2.65 - 3.65 Cr,2.65,3.65,560 units / 11 ac,"4 towers, 36 floors",High,link,
31,Krisala 41 Westworld,Krisala Developers,West Pune / IT Belt,Balewadi,P52100055409,Jun 2027,6,2027,"1 RK, 1 BHK",180,350,19.8 - 38.5 L,0.20,0.39,46 units / 0.27 ac,Micro-unit / investor product,High,link,
32,Dream Glorious,Dream Works Reality,West Pune / IT Belt,Balewadi,,Jun 2027,6,2027,"2, 3 BHK",890,"1,290",1.0 - 1.5 Cr,1.00,1.50,,RERA not located,Low,link,
33,Perfect 10,Manav Group,West Pune / IT Belt,Balewadi,,Dec 2027,12,2027,2 BHK,440,590,65 - 75 L,0.65,0.75,,RERA not located,Low,link,
34,Kumar Parth Towers,Kumar Properties,West Pune / IT Belt,Baner (Mohan Nagar),P52100047987; P52100052945,Dec 2027,12,2027,"2, 3 BHK",557,"1,100",1.0 - 2.1 Cr,1.00,2.10,577 units / 2.5 ac,"3 towers, 25 floors",High,link,
35,Kumar Panache,Kumar Properties,West Pune / IT Belt,Baner (Pashan Rd),P52100077734,Dec 2027,12,2027,3 BHK,624,882,97 L - 1.37 Cr,0.97,1.37,60 units / 0.37 ac,"1 tower, 11 floors",High,link,
36,Rachana Bella Casa Royale,Rachana Lifestyle,West Pune / IT Belt,Baner (Mahalunge Rd),P52100047367; P52100027124,Dec 2027,12,2027,"2, 3 BHK","1,090","1,460",1.4 - 2.0 Cr,1.40,2.00,221 units,"2 towers, 21 floors",High,link,
37,Scon Pinewood,Scon Developers,West Pune / IT Belt,Baner (Pashan Highway),P52100055098,Dec 2027,12,2027,"2, 3 BHK",927,"1,358",1.1 - 1.61 Cr,1.10,1.61,56 units / 1.7 ac,"2 towers, 13 floors",High,link,
38,VJ Portia Grande,Vilas Javdekar,West Pune / IT Belt,Baner,,Dec 2027,12,2027,4 BHK,"1,730","1,740",3.9 - 4.0 Cr,3.90,4.00,,RERA not located,Low,link,
39,Virkar Seven,Virkar Developers,West Pune / IT Belt,Baner,,May 2027,5,2027,"3, 4 BHK","1,440","1,740",2.2 - 3.0 Cr,2.20,3.00,,RERA not located,Low,link,
40,Rohan Harita (Phase 1),Rohan Builders,West Pune / IT Belt,Tathawade,P52100052972,Dec 2027,12,2027,"1, 2, 3, 4 BHK",443,"1,740",49.9 L - 1.95 Cr,0.50,1.95,1150 units / 8.57 ac,Construction started Oct 2023; later phases run into 2028,High,link,
41,Sukhwani Sepia,Sukhwani Construction,West Pune / IT Belt,Tathawade,P52100017816; P52100050089,Dec 2027,12,2027,"2, 3 BHK","1,010","1,435",1.0 - 1.5 Cr,1.00,1.50,470 units / 7.81 ac,"9 towers, 12 floors; areas quoted super built-up",Medium,link,
42,Sukhwani 97 Sepia Phase 3,Sukhwani Constructions,West Pune / IT Belt,Tathawade,,Dec 2027,12,2027,"2, 3 BHK",568,911,83.31 L+,0.83,0.83,,Later phase of Sepia; RERA not located,Low,link,
43,Rama Metro Life Ultima,Rama Group,West Pune / IT Belt,Tathawade,P52100051679,Dec 2027,12,2027,"2, 3, 4 BHK",808,"1,369",1.0 - 1.8 Cr,1.00,1.80,172 units / 0.54 ac,"1 tower, 29 floors",High,link,
44,Merlin Elementa 2.0,Merlin Group,West Pune / IT Belt,Tathawade (nr Decathlon),P52100050199,Dec 2027,12,2027,"2, 3 BHK",630,"1,090",65 L - 1.2 Cr,0.65,1.20,339 units / 2.7 ac,Ghar.tv lists Dec 2026 - verify,Medium,link,
45,Siddhivinayak Vision New Ville,Siddhivinayak Group,West Pune / IT Belt,Tathawade (Bhumkar Chowk Rd),P52100050454,Dec 2027,12,2027,"2, 3 BHK",720,"1,024",70 L - 1.2 Cr,0.70,1.20,210 units / 2 ac,"2 towers, 14 floors",High,link,
46,Gawade Galore,Gawade Group,West Pune / IT Belt,Tathawade,P52100054930,Dec 2027,12,2027,"2, 3 BHK",786,994,80 L - 1.15 Cr,0.80,1.15,151 units / 0.9 ac,Near Sri Balaji University,High,link,
47,Garve 33 Central Avenue,Garve Group,West Pune / IT Belt,Tathawade,P52100056399,Dec 2027,12,2027,"2, 3 BHK",783,"1,094",88.9 L - 1.24 Cr,0.89,1.24,133 units / 0.55 ac,"1 tower, 28 floors",High,link,
48,Nirman Serenopolis,Nirman Greens,West Pune / IT Belt,Tathawade,P52100080004,Dec 2027,12,2027,"2, 3 BHK",777,921,90 L - 1.1 Cr,0.90,1.10,57 units / 0.94 ac,DATE CONFLICT: PCMC listings place this 2028-2030,Conflict,link,
49,Shree Sonigara Quorra,Shree Sonigara Developers,West Pune / IT Belt,Tathawade,PR1260002501552,Dec 2027,12,2027,"3, 4 BHK","1,545","1,909",1.55 - 1.95 Cr,1.55,1.95,18 units / 1.74 ac,2025 registration (new-format RERA ID),High,link,
50,Engineers Codename Promax,Engineers Horizon,West Pune / IT Belt,Tathawade,,Dec 2027,12,2027,"2, 3 BHK",780,"1,160",80.4 L - 1.19 Cr,0.80,1.19,204 units / 5.5 ac,Listed RERA-approved but number not published,Low,link,
51,Mahindra Happinest Tathawade,Mahindra Lifespaces,West Pune / IT Belt,Tathawade,,Jan 2027,1,2027,"1, 2 BHK",415,635,41.10 L+,0.41,0.41,,RERA not located on portal,Medium,link,
52,Abhinav Pebbles Greenfields,Abhinav Group,West Pune / IT Belt,Tathawade,,Jun 2027,6,2027,"2, 3 BHK",503,"1,041",66.21 L+,0.66,0.66,,RERA not located,Low,link,
53,Westmont,Shree Sonigara Gore Developers,West Pune / IT Belt,Tathawade,,May 2027,5,2027,3 BHK,841,877,87.42 L+,0.87,0.87,,RERA not located,Low,link,
54,Harivishva Infinia Phase 2,Harivishva Developers LLP,West Pune / IT Belt,Tathawade,,Dec 2027,12,2027,2 BHK,690,939,85.64 L+,0.86,0.86,,RERA not located,Low,link,
55,Krisala 41 Zillenia,Krisala Developers,West Pune / IT Belt,Punawale,P52100051790,Aug 2027,8,2027,"2, 3 BHK",711,904,79.9 L - 1.01 Cr,0.80,1.01,474 units / 1.89 ac,"3 towers, 24 floors",High,link,
56,Aishwaryam Future,Aishwaryam Group,West Pune / IT Belt,Punawale,P52100048742,Oct 2027,10,2027,"2, 2.5, 3 BHK",740,"1,000",70 L - 1.2 Cr,0.70,1.20,171 units / 3.04 ac,"Explicitly under construction; 5 towers, 20 floors",High,link,
57,Silveroak Shriyansh 3.0,Silveroak Group,West Pune / IT Belt,Punawale,P52100054165,Oct 2027,10,2027,"2, 3 BHK",605,819,54 - 73 L,0.54,0.73,57 units / 0.93 ac,"1 tower, 34 floors",High,link,
58,Nexus Skydale,Nexus Group,West Pune / IT Belt,Punawale,P52100055009,Dec 2027,12,2027,"2, 3, 4 BHK",680,"1,332",50 L - 1.2 Cr,0.50,1.20,650 units / 2.56 ac,"4 towers, 20 floors",High,link,
59,ANP Autograph,ANP Corp,West Pune / IT Belt,Punawale,P52100051641,Dec 2027,12,2027,"2, 3, 4 BHK",750,"1,596",90 L - 2.0 Cr,0.90,2.00,280 units / 4.5 ac,DATE CONFLICT: builder handover guidance says Jun 2028,Conflict,link,
60,Basil Maximus,Basil Group,West Pune / IT Belt,Punawale,P52100051323,Dec 2027,12,2027,"2, 3 BHK",749,"1,129",89 L - 1.34 Cr,0.89,1.34,1132 units / 6.37 ac,DATE CONFLICT: page notes expected Dec 2028; 10-tower project,Conflict,link,
61,Garve Codename Grandeur,Garve Group,West Pune / IT Belt,Punawale,,Dec 2027,12,2027,"2, 3 BHK",776,"1,053",66.8 - 90.6 L,0.67,0.91,620 units / 3.5 ac,Listed RERA-approved but number not published,Low,link,
62,Sacho Sai Mehar,Sacho Satram Group,West Pune / IT Belt,Punawale,,Dec 2027,12,2027,"1, 2 BHK",510,730,60 - 90 L,0.60,0.90,,RERA not located,Low,link,
63,Anika Piccadilly,Arun Sheth & Co,West Pune / IT Belt,Punawale,,Dec 2027,12,2027,"2, 3 BHK",760,780,70 - 80 L,0.70,0.80,,RERA not located,Low,link,
64,Prime Serenity,Prime Realty,West Pune / IT Belt,Punawale,,Dec 2027,12,2027,"2, 3 BHK",750,990,70 L - 1.0 Cr,0.70,1.00,,RERA not located,Low,link,
65,Nexus Westia,Nexus Group,West Pune / IT Belt,Punawale,,Jun 2027,6,2027,"2, 3 BHK",600,"1,000",60 L - 1.0 Cr,0.60,1.00,,RERA not located,Low,link,
66,Pharande Felicity,Pharande Spaces,West Pune / IT Belt,Ravet,P52100022300; P52100029557,Jun 2027,6,2027,"2, 2.5, 3 BHK",695,"1,050",59.5 L - 1.2 Cr,0.60,1.20,280 units / 3.5 ac,"6 towers, 12 floors; off Ravet BRTS. Cluster B also Jun 2027",High,link,
67,Urban Skyline,Urban Spaces Creators,West Pune / IT Belt,Ravet,P52100026499; P52100031043,Jun 2027,6,2027,"2, 3, 4, 6 BHK",774,"2,220",70 L - 2.1 Cr,0.70,2.10,720 units / 3.5 ac,"4 towers, ~40 floors; Aundh-Ravet BRTS",High,link,
68,Jhamtani ACE Atmosphere,Jhamtani Realty,West Pune / IT Belt,Ravet,,Sep 2027,9,2027,"2, 3 BHK",777,"1,027",73 L+,0.73,0.73,,RERA not located,Medium,link,
69,Space 64 Meridien Tower E,Space Builders Group,West Pune / IT Belt,Ravet,,Dec 2027,12,2027,"2, 3 BHK",815,"1,081",On request,,,,RERA not located,Low,link,
70,KK Marks (B Building),KK Group Infra Realty,West Pune / IT Belt,Ravet,,Jun 2027,6,2027,"1, 2 BHK",505,826,50 - 70 L,0.50,0.70,,RERA not located,Low,link,
71,Mohisha The Skylark Phase 2,Mohisha Realtors,West Pune / IT Belt,Ravet,,Jun 2027,6,2027,"2, 3 BHK",623,939,52.16 L+,0.52,0.52,,RERA not located,Low,link,
72,Saakshi Parva Anand,Saakshi Constructions,West Pune / IT Belt,Ravet,,Dec 2027,12,2027,2 BHK,606,640,On request,,,,RERA not located,Low,link,
73,Bivega The Silver Altair,Bivega Realty,West Pune / IT Belt,Ravet,,Jun 2027,6,2027,"2, 3 BHK",880,"1,150",90 L - 1.3 Cr,0.90,1.30,,RERA not located,Low,link,
74,Dolphin Palms,Dolphin Group,West Pune / IT Belt,Ravet,,Mar 2027,3,2027,2 BHK,750,880,70 - 90 L,0.70,0.90,,RERA not located,Low,link,
75,Goel Ganga Legend (Legend County),Goel Ganga Group,West Pune / IT Belt,Bavdhan,P52100021020; P52100024312,Dec 2027,12,2027,"2, 2.5, 3, 3.5 BHK",780,"1,240",80 L - 1.55 Cr,0.80,1.55,730 units / 30 ac township,"14 towers, 22 floors; later township phases beyond 2027",Medium,link,
76,Excellaa Prospera,Excellaa Group,West Pune / IT Belt,Bavdhan,P52100047444,Dec 2027,12,2027,3 BHK,"1,016","1,114",1.4 - 1.65 Cr,1.40,1.65,172 units / 1.35 ac,"3 towers, 21 floors",High,link,
77,Gera The Crown,Gera Developers,West Pune / IT Belt,Bavdhan,P52100011031,Apr 2027,4,2027,"3.5, 4.5 BHK","2,074","2,565",3.1 - 3.9 Cr,3.10,3.90,42 units / 0.32 ac,INCONSISTENT: listed as pre-launch (Mar 2026) with Apr 2027 completion - verify with Gera,Conflict,link,
78,Suyog The Peak,Suyog Group,West Pune / IT Belt,Bavdhan,,Mar 2027,3,2027,3 BHK,"1,300","1,400",1.4 - 1.5 Cr,1.40,1.50,,RERA not located,Low,link,
79,Dagade Patil Survi Heritage,Shree Dagade Patil Ventures,West Pune / IT Belt,Bavdhan,,Dec 2027,12,2027,"2, 3 BHK",600,"1,030",85 L - 1.25 Cr,0.85,1.25,,RERA not located,Low,link,
80,Belvalkar Aathesh,Belvalkar Housing,West Pune / IT Belt,Kothrud (Paud Rd),P52100054356,Dec 2027,12,2027,"2, 3 BHK",740,"1,030",90 L - 1.4 Cr,0.90,1.40,~52 units / 0.28 ac,"1 tower, 13 floors",High,link,
81,Gangotree Dashabhuja,Gangotree Homes,West Pune / IT Belt,Kothrud (nr Anand Nagar Metro),P52100052817,Dec 2027,12,2027,"1, 1.5, 2, 3 BHK",380,960,70 L - 1.78 Cr,0.70,1.78,98 units / 0.41 ac,"1 tower, 13 floors",High,link,
82,Gangotree Ganeshdeep,Gangotree Homes,West Pune / IT Belt,Kothrud,,Dec 2027,12,2027,"3, 4 BHK",950,"1,450",2.3 - 3.6 Cr,2.30,3.60,,RERA not located,Low,link,
83,D&T Ganeshbaug / Suchitra Terrace,D&T Properties,West Pune / IT Belt,Kothrud,,Dec 2027,12,2027,"2, 3, 4, 4.5 BHK",700,"2,200",1.0 - 3.0 Cr,1.00,3.00,,RERA not located,Low,link,
84,ULV Aspire,Urban Life Ventures,West Pune / IT Belt,Kothrud,,Dec 2027,12,2027,"1, 2, 3 BHK",470,"1,080",1.1 - 2.5 Cr,1.10,2.50,,RERA not located,Low,link,
85,Amanora City Rise,Amanora Group,West Pune / IT Belt,Kothrud,,Dec 2027,12,2027,"2, 3 BHK",685,"1,040",1.85 - 2.85 Cr,1.85,2.85,,RERA not located; unusual location for Amanora - verify,Low,link,
86,Kotibhaskar Aditya,Kotibhaskar Infrastructure,West Pune / IT Belt,Kothrud,,Oct 2027,10,2027,"2, 3 BHK",895,"1,350",1.8 - 2.9 Cr,1.80,2.90,,RERA not located,Low,link,
87,VTP Aethereus - Blue Waters,VTP Realty,West Pune / IT Belt,Mahalunge (Baner-Nande Rd),P52100026772,Dec 2026,12,2026,"2, 3 BHK",734,"1,025",1.1 - 1.7 Cr,1.10,1.70,1200 units / 9 ac,"5 towers, 31 floors; near completion",High,link,
88,Balaji Raanwa,Balaji Realty,West Pune / IT Belt,Mahalunge,P52100031416,Dec 2027,12,2027,"1, 2 BHK",555,868,55 - 90 L,0.55,0.90,150 units / 0.8 ac,"1 tower, 18 floors; National Games Park Rd",High,link,
89,45 Shashwat Urbano,Shashwat Realty,West Pune / IT Belt,Mahalunge,,Jun 2027,6,2027,1 RK,180,240,30 - 45 L,0.30,0.45,,Micro-unit product; RERA not located,Low,link,
90,Saarrthi Skybay 1,Saarrthi Group,West Pune / IT Belt,Mahalunge,,Dec 2026,12,2026,"1, 2, 3 BHK",490,"1,150",40 L - 1.1 Cr,0.40,1.10,,RERA not located,Low,link,
91,Saarrthi Skybay 3,Saarrthi Group,West Pune / IT Belt,Mahalunge,,Dec 2026,12,2026,"2, 3 BHK",740,"1,020",1.1 - 1.6 Cr,1.10,1.60,,RERA not located,Low,link,
92,Godrej Urban Retreat,Godrej Properties,East Pune,Kharadi (Kharadi-Manjari Rd),P52100050128,Oct 2027,10,2027,"2, 3 BHK",787,"1,007",90 L - 1.2 Cr,0.90,1.20,698 units / 3.47 ac,UC since Apr 2023; 3 towers. Date confirmed on two sources,High,link,
93,Lodha Estilo (P1/P2/P3),Lodha Group,East Pune,Kharadi,P52100078396; P52100052703; P52100054436,Oct 2027,10,2027,"3, 4 BHK","1,866","2,148",3.30 - 3.85 Cr,3.30,3.85,280 units / 3 ac,"Explicitly UC, ~50% structure as of Nov 2025",High,link,
94,SSPL The Strand,SSPL Group,East Pune,Kharadi (Riverfront Rd),P52100050923,Sep 2027,9,2027,"3, 4 BHK + duplex","1,330","2,460",3.6 - 6.8 Cr,3.60,6.80,136 units / 1.61 ac,"2 towers, 21 floors; ultra-luxury",High,link,
95,Vilas Palladio Kharadi Central,Vilas Javdekar Eco Shelters,East Pune,Kharadi,P52100050357,Jun 2027,6,2027,"3, 4 BHK",926,"1,315",1.35 - 1.92 Cr,1.35,1.92,500 units / 1.57 ac,HomeBazaar lists Dec 2028 for a same-name phase - verify wing,Medium,link,
96,VTP Euphoria - Pegasus,VTP Realty,East Pune,Kharadi / Manjri Khurd,P52100031691,Jun 2027,6,2027,"1, 2, 3 BHK",465,"1,455",50 L - 1.7 Cr,0.50,1.70,2400 units / 10 ac (165-ac township),2019-era registration - date likely revised,Medium,link,
97,Kohinoor Kaleido (Phase 1),Kohinoor Group,East Pune,Kharadi,P52100046027,Dec 2027,12,2027,"2, 3 BHK",696,990,1.26 - 1.79 Cr,1.26,1.79,832 units / 4.1 ac,6 towers; Phase 2 separate (Oct 2029),High,link,
98,Kumar Periwinkle,Kumar Properties,East Pune,Kharadi (Old Mundhwa Rd),P52100053409,Dec 2027,12,2027,"2, 3 BHK",688,930,81 L - 1.09 Cr,0.81,1.09,27 units / 0.18 ac,"Boutique tower, 9 floors",High,link,
99,Pristine Allure 1,Pristine Properties,East Pune,Kharadi,P52100045237,Dec 2027,12,2027,"2, 2.5 BHK",745,960,90 L - 1.3 Cr,0.90,1.30,624 units / 5.5 ac,"8 towers, 14 floors",High,link,
100,Pristine Allure 2 & 3,Pristine Properties,East Pune,Kharadi,P52100050873; P52100052693,Dec 2027,12,2027,"2, 2.5, 3 BHK",667,846,75 L - 1.05 Cr,0.75,1.05,312 units / 2.38 ac,Later phases of Allure 1,High,link,
101,Kumar 47 East,Kumar Properties,East Pune,Mundhwa (Hadapsar link),P52100024598,Mar 2027,3,2027,2 BHK,782,"1,012",90 L - 1.3 Cr,0.90,1.30,173 units / 1.72 ac,2019-era registration - date likely extended,Medium,link,
102,Unique Legacy Imperia,Unique Properties,East Pune,Mundhwa / Keshav Nagar,P52100053777,Mar 2027,3,2027,"1, 2, 3 BHK",627,978,67.4 L - 1.05 Cr,0.67,1.05,49 units / 0.76 ac,"Single tower, UC",High,link,
103,Choice Que 914,Choice Group,East Pune,Mundhwa,P52100051858; P52100046034,Jun 2027,6,2027,"2, 3 BHK",753,957,86.3 L - 1.09 Cr,0.86,1.09,474 units / 2.35 ac,"3 towers, 22 floors",High,link,
104,Moonlight Melliza Towers,Moonlight Housing Schemes,East Pune,Mundhwa,P52100052564,Jun 2027,6,2027,"2, 3 BHK","1,120","1,548",1.55 - 2.2 Cr,1.55,2.20,18 units / 1.05 ac,Unit count looks like partial inventory - verify,Medium,link,
105,Venkatesh Graffiti Glover,Shree Venkatesh Buildcon,East Pune,Keshav Nagar / Manjari Rd,P52100025621; P52100025956; P52100027217,Sep 2027,9,2027,2 BHK,776,776,70 - 80 L,0.70,0.80,437 units / 2.28 ac,2019-era registrations - extended completion date,Medium,link,
106,Ganga Avanta,Goel Ganga Developments,East Pune,Mundhwa (nr Magarpatta),P52100047366,Dec 2027,12,2027,"3, 3.5, 4 BHK",835,"1,189",1.16 - 1.66 Cr,1.16,1.66,179 units / 0.77 ac,"1 tower, 27 floors",High,link,
107,Sukhwani Hermosa Casa,Sukhwani Associates,East Pune,Mundhwa / Kirtane Baug,P52100022474,Dec 2027,12,2027,"2, 3 BHK",730,855,95.2 L - 1.03 Cr,0.95,1.03,831 units / 5.54 ac,2018-era registration; long-running project,Medium,link,
108,Tayal K City,Tayal Corp,East Pune,Mundhwa (Manjari Rd),P52100026909; P52100031361; P52100052901,Dec 2027,12,2027,"2, 3 BHK",755,987,84.6 L - 1.08 Cr,0.85,1.08,356 units / 4.5 ac,Multi-phase; earlier phases may be complete,Medium,link,
109,Tayal Envogue 1,Tayal Corp,East Pune,Mundhwa (Deccan Paper Mill Rd),P52100053239,Dec 2027,12,2027,"3, 4 BHK","1,446","1,953",2.11 - 2.85 Cr,2.11,2.85,271 units / 3.5 ac,"3 towers, 20 floors",High,link,
110,Lonkar Celestia,Lonkar Associate,East Pune,Mundhwa (nr Kharadi Rd),P52100077933,Dec 2027,12,2027,"1, 2 BHK",445,734,55 - 95 L,0.55,0.95,24 units / 0.33 ac,Recent registration - genuine new launch,High,link,
111,Kodre Blossom Park,Kodre Ventures,East Pune,Mundhwa (Magarpatta Rd),P52100080586,Dec 2027,12,2027,2 BHK,785,847,90 L - 1.05 Cr,0.90,1.05,48 units / 0.5 ac,"Recent registration, early construction",High,link,
112,Kwality Vrindavan Heights,Kwality World,East Pune,Hadapsar (Tupe Patil Rd),P52100016466; P52100054968,Mar 2027,3,2027,"1.5, 2 BHK",480,688,45.1 - 64.7 L,0.45,0.65,214 units / 3.27 ac,2017 registration + newer phase; part may be delivered,Medium,link,
113,Kumar Purab A3,Kumar Properties,East Pune,Hadapsar / Magarpatta City,P52100047614,Dec 2027,12,2027,"2, 3 BHK",721,985,90.2 L - 1.23 Cr,0.90,1.23,42 units / 0.27 ac,Single building within larger Purab layout,High,link,
114,Akshar Altorios,Akshar Developers,East Pune,Hadapsar (nr Amanora),P52100054382,Dec 2027,12,2027,"1, 1.5, 2, 3 BHK",670,"1,450",70 L - 1.6 Cr,0.70,1.60,216 units / 3 ac,"4 towers, 13 floors",High,link,
115,Vilas Yashwin Enchante,Vilas Javdekar,East Pune,Wagholi (nr Genba Moze College),P52100046510; P52100077455,Jun 2027,6,2027,"2, 3 BHK",730,900,85 - 95 L,0.85,0.95,941 units / 4.21 ac,Two phases; second likely runs later,Medium,link,
116,Gagan Adira Phase 2,Gagan Developers,East Pune,Wagholi (Nagar Rd),P52100053118,Aug 2027,8,2027,"1, 2, 3 BHK",646,"1,257",65 L - 1.35 Cr,0.65,1.35,180 units / 3.2 ac,"4 towers, 12 floors",High,link,
117,Anshul Kanvas,Anshul Group,East Pune,Wagholi (Ahmednagar Rd),P52100023770,Dec 2027,12,2027,"1, 2 BHK",486,796,34 - 54 L,0.34,0.54,850 units / 12 ac,"2019 registration, phased township",Medium,link,
118,Abhiman Blithe Icon,Abhiman Associates,East Pune,Wagholi (Awhalwadi Rd),P52100045932,Dec 2027,12,2027,"1, 2 BHK",370,571,32 - 49 L,0.32,0.49,118 units / 0.19 ac,"Budget segment, UC",High,link,
119,AGAC Sanskruti Oriana,AGAC Developers LLP,East Pune,Wagholi (Lohgaon Rd),P52100079850,Dec 2027,12,2027,"2, 3 BHK",749,849,65 - 80 L,0.65,0.80,136 units / 1 ac,Recent registration - genuine new launch,High,link,
120,Ravinanda Towers,Ravinanda Landmarks,East Pune,"Kesnand, Wagholi",P52100015048,Dec 2027,12,2027,"1, 2 BHK",418,571,25.9 - 44 L,0.26,0.44,547 units / 1.58 ac,2017 registration - date clearly extended; check RERA extension history,Low,link,
121,Majestique Memories,Majestique Landmarks,East Pune,Handewadi / Mohammedwadi,P52100001168; P52100050004,Dec 2027,12,2027,2 BHK,573,688,60 - 80 L,0.60,0.80,370 units / 7 ac,First registration 2017 - earlier towers likely delivered,Medium,link,
122,Gulmohar Sky Park,Gulmohar Builders,East Pune,Dhanori,P52100045998,Jun 2027,6,2027,2 BHK,670,690,60 - 70 L,0.60,0.70,185 units / 3.5 ac,Under construction,High,link,
123,Shriram Nysa,Shriram Associates,East Pune,Dhanori (nr Goodwill Square),P52100049622,Dec 2027,12,2027,"2, 3 BHK",827,"1,078",68 - 88 L,0.68,0.88,338 units / 5.85 ac,"4 towers, 9 floors",High,link,
124,Triaa One Aretha,Triaa,East Pune,Dhanori (Lohegaon Rd),P52100054352,Dec 2027,12,2027,"2, 3, 4 BHK",520,"1,130",55 L - 1.3 Cr,0.55,1.30,450 units / 4 ac,"3 towers, 19 floors",High,link,
125,Xrbia SingaPune,Xrbia Developers,East Pune,Dhanori (nr DY Patil),P52100021543; P52100021544; P52100021752,Dec 2027,12,2027,"1 RK, 1, 2 BHK",195,486,15 - 40 L,0.15,0.40,2243 units / 21 ac,2019 registrations; developer has delay history - verify before considering,Low,link,
126,Kate Mozze Hollyhock City,Kate Moze Associates,East Pune,Lohegaon (Bhaji Mandi Rd),P52100052430; P52100013107,Mar 2027,3,2027,"1, 2 BHK",423,621,35 - 55 L,0.35,0.55,210 units / 6 ac,Phased; 2017 phase likely delivered,Medium,link,
127,Kate Mozze Eastern Royale,Kate Moze Associates,East Pune,Lohegaon,P52100013009,Mar 2027,3,2027,"1, 2 BHK",502,747,45.2 - 67.2 L,0.45,0.67,79 units / 0.74 ac,2017 registration with extended date,Low,link,
128,Choice Goodwill Elements,Choice Group,East Pune,Lohegaon (DY Patil University Rd),P52100078181,Dec 2027,12,2027,"2, 3 BHK",760,"1,010",76.6 - 87.2 L,0.77,0.87,56 units / 1.01 ac,Recent registration - new launch,High,link,
129,Dalecon Elite Platinum,Dalecon Realtors,East Pune,Lohegaon (DY Patil Rd),P52100077594,Dec 2027,12,2027,"2, 3 BHK",667,"1,143",59 L - 1.02 Cr,0.59,1.02,31 units / 0.86 ac,Recent registration - new launch,High,link,
130,F5 Mindspace Residency,F5 Realtors,East Pune,Lohegaon (nr Orchid Hospital),P52100076913,Dec 2027,12,2027,"2, 3, 4 BHK",760,"1,715",65 L - 2.1 Cr,0.65,2.10,172 units / 1.29 ac,Recent registration - new launch,High,link,
131,Laxmi Emerald,Laxmi Group,East Pune,Lohegaon,P52100004583; P52100033122,Dec 2027,12,2027,"2, 2.5 BHK",690,850,50 - 80 L,0.50,0.80,358 units / 4 ac,2017 original registration; earlier towers likely occupied,Low,link,
132,Tirupati Regalia,Tirupati Group,East Pune,Vishrantwadi,P52100019785; P52100022720; P52100053704,Sep 2027,9,2027,"2, 2.5, 3 BHK",760,"1,080",75 L - 1.1 Cr,0.75,1.10,227 units / 4.14 ac,Multi-phase; latest phase qualifies,Medium,link,
133,Mittal Greenyards Phase 1,Mittal Brothers,East Pune,Vishrantwadi / Kalas,P52100047670,Dec 2027,12,2027,"1, 2 BHK",825,"1,415",80 L - 1.6 Cr,0.80,1.60,60 units,Areas are super built-up; price band looks inconsistent - verify,Low,link,
134,Oxy Benicio,Oxy Buildcorp,East Pune,Viman Nagar,P52100054196,Jun 2027,6,2027,"2, 3 BHK",620,"1,129",1.04 - 1.9 Cr,1.04,1.90,47 units / 0.44 ac,"Boutique, 1 tower 7 floors",High,link,
135,Belvalkar Athena,Belvalkar Housing,East Pune,Kalyani Nagar (Sai Park Rd),P52100077149,Jun 2027,6,2027,"2, 3, 4 BHK","1,177","1,403",2.73 - 3.25 Cr,2.73,3.25,37 units / 0.56 ac,Jun-2027 on a 2024/25 registration is aggressive - treat as optimistic,Medium,link,
136,Nyati Evoque,Nyati Group,East Pune,Kalyani Nagar,P52100056152,Dec 2027,12,2027,"3, 4 BHK","1,519","1,780",3.5 - 4.5 Cr,3.50,4.50,198 units / 2 ac,"2 towers, 27 floors; luxury",High,link,
137,Kolte Patil Equa,Kolte Patil Developers,East Pune,Wagholi,P52100032093,Dec 2026,12,2026,"2, 3 BHK",549,"1,067",51.8 L - 1.1 Cr,0.52,1.10,128 units / 2.5 ac,Near handover - check OC status,High,link,
138,Majestique Mayberry,Majestique Landmarks,East Pune,Wagholi,P52100045896,Dec 2026,12,2026,"2, 3 BHK",749,"1,028",60 - 82 L,0.60,0.82,560 units / 5 ac,Near handover - check OC status,High,link,
139,Mantra Mesmer,Mantra Properties,East Pune,Keshav Nagar,P52100030387; P52100030590,Dec 2026,12,2026,"2, 3 BHK + duplex",751,"1,161",1.05 - 1.62 Cr,1.05,1.62,588 units / 4.5 ac,Near handover - check OC status,High,link,
140,Amanora Crown Towers,Amanora Group,East Pune,Hadapsar / Amanora,P52100047454,Dec 2026,12,2026,2-5 BHK,770,"1,930",1.55 - 3.95 Cr,1.55,3.95,305 units / 2.79 ac,Near handover - check OC status,High,link,
141,Empyrean Leela,Empyrean Landmarks,East Pune,Kharadi,P52100052570,Dec 2026,12,2026,"2, 3 BHK",774,"1,044",1.03 - 1.38 Cr,1.03,1.38,37 units / 0.32 ac,Near handover - check OC status,High,link,
142,Kohinoor Viva City,Kohinoor Group,East Pune,Dhanori,P52100032086,Dec 2026,12,2026,"2, 3 BHK",730,"1,160",80 L - 1.5 Cr,0.80,1.50,450 units / 3.5 ac,Near handover - check OC status,High,link,
143,Tribeca Yoo One,Tribeca Developers,South & Central Pune,NIBM Road,P52100045735,Dec 2027,12,2027,"3, 3.5, 4 BHK","1,680","2,300",2.31 - 3.40 Cr,2.31,3.40,221 units / 5.69 ac,UC; structure 53% (Nov 2025),High,link,
144,Triaa 38 Divine,Triaa Housing,South & Central Pune,Kondhwa (Katraj-Kondhwa Rd),P52100048019,Dec 2027,12,2027,"2, 3 BHK",776,905,74 - 92 L,0.74,0.92,156 units / 1.23 ac,UC; structure 60% (Apr 2025),High,link,
145,Gagan Myra,Gagan Galaxy Realty LLP,South & Central Pune,Kondhwa,P52100050157,Dec 2027,12,2027,"1, 2 BHK",524,774,58.0 - 85.5 L,0.58,0.86,72 units / 1.71 ac,"4 wings, B1+B2+G+22",High,link,
146,Miracle Aero East (Ph III & IV),Miracle Gurukrupa / Miracle Associates,South & Central Pune,Undri,P52100049336; P52100078466,Dec 2027,12,2027,"2, 3 BHK",712,"1,045",60.8 - 87.2 L,0.61,0.87,177 units / 0.78 ac,Earlier phases delivered; Ph III/IV under construction,High,link,
147,Kanifnath Royal KP Stellar,Kanifnath Properties,South & Central Pune,Mohammadwadi / NIBM Annexe,P52100052077,Dec 2027,12,2027,"2, 3 BHK",770,"1,030",82 L - 1.09 Cr,0.82,1.09,65 units / 1.39 ac,"Structure 80%, finishing 75% (Apr 2025)",Medium,link,
148,K Raheja Sterling,K Raheja Corp,South & Central Pune,Mohammadwadi,P52100032850; P52100032431; P52100032839; P52100033088; P52100052201,Nov 2026,11,2026,"2, 3 BHK",679,"1,058",97.7 L - 1.39 Cr,0.98,1.39,742 units / 6 ac,Partially ready; structure 73% (Nov 2025),High,link,
149,Lodha Bella Vita,Lodha Group,South & Central Pune,NIBM Road,P52100046081; P52100045768; P52100024215; P52100034751; P52100047378; P52100035060,Dec 2026,12,2026,2-5 BHK,720,"2,134",1.03 - 3.06 Cr,1.03,3.06,1122 units / 12 ac,Partially ready-to-move; later towers UC,High,link,
150,Kolte Patil Rose Parade,Kolte Patil Developers,South & Central Pune,Kondhwa,P52100080374,Jun 2026,6,2026,"3, 4 BHK","1,170","2,200",1.64 - 3.18 Cr,1.64,3.18,156 units / 5 ac,"UC, low-density",High,link,
151,Sheth Splendour Greens,Sheth Realty,South & Central Pune,Kondhwa,P52100021159,Jun 2026,6,2026,"1, 2 BHK",491,813,46 - 75 L,0.46,0.75,250 units / 2 ac,"UC; ~Rs 7,850/sqft",High,link,
152,K Raheja Stellar,K Raheja Corp,South & Central Pune,NIBM,,Dec 2026,12,2026,"2, 3, 4 BHK","1,051","2,360",1.45 - 3.30 Cr,1.45,3.30,,Aggregator listing only,Low,link,
153,ARV Regalia,ARV Group,South & Central Pune,NIBM / Undri,,Dec 2026,12,2026,"2, 3 BHK",610,860,50 - 80 L,0.50,0.80,,Aggregator listing only,Low,link,
154,Ram India Address One,Ram India Group,South & Central Pune,Bibwewadi,P52100050511,Dec 2027,12,2027,"3, 4 BHK","1,101","1,415",2.25 - 2.80 Cr,2.25,2.80,120 units / 1.15 ac,Under construction,High,link,
155,Ram India Swastika,Ram India Group,South & Central Pune,Bibwewadi,P52100048349,Dec 2026,12,2026,"2, 3 BHK",787,"1,256",1.42 - 2.28 Cr,1.42,2.28,40 units / 0.79 ac,Structure 95% (Nov 2025),High,link,
156,Shapoorji Premier Tower,Shapoorji Pallonji Real Estate,South & Central Pune,Bibwewadi,,Dec 2026,12,2026,"2, 3 BHK",692,970,1.39 - 1.95 Cr,1.39,1.95,568 units / 17 ac,New launch / early UC; 3 towers G+30. RERA not located,Medium,link,
157,Ranawat Aura Divine,Ranawat Group,South & Central Pune,Salisbury Park,P52100054869,Dec 2026,12,2026,3 BHK,"1,020","1,320",2.50 - 2.80 Cr,2.50,2.80,12 units / 0.12 ac,Structure 80% (Jan 2025),Medium,link,
158,SKYi 5 Racecourse,Enerrgia SKYi,South & Central Pune,Wanowrie,P52100053604; P52100077439; PR1262022501357,Dec 2027,12,2027,"3, 4, 5 BHK","1,330","2,724",3.03 - 6.21 Cr,3.03,6.21,276 units / 4.5 ac,"3 x 23-storey, IGBC Platinum",High,link,
159,Skyi Iris Racecourse,SKYi,South & Central Pune,Wanowrie,P52100052969,Jun 2027,6,2027,"3, 4, 5 BHK","1,447","2,724",2.80 - 6.00 Cr,2.80,6.00,40 units / 0.99 ac,Structure 47% (Aug 2024),High,link,
160,Kakkad Kailash Kutir Phase 2,Kakkad Group,South & Central Pune,Wanowrie,P52100050090,Sep 2027,9,2027,"2, 3 BHK",799,"1,200",1.35 - 1.73 Cr,1.35,1.73,,Under construction,High,link,
161,Kakade Paradise CHS,Kakade Associates,South & Central Pune,Wanowrie,P52100053223,Dec 2026,12,2026,"2, 3 BHK",754,"1,175",1.19 - 1.83 Cr,1.19,1.83,49 units / 0.43 ac,Under construction,High,link,
162,Narsinh Golden Lake,Narsinh Associates,South & Central Pune,Katraj,P52100055100,Dec 2027,12,2027,"1, 2, 3 BHK",436,698,39.5 - 63.2 L,0.40,0.63,36 units / 1.19 ac,Structure 43% (Dec 2024),High,link,
163,Siddhivinayak Siddhi Avenue,Siddhivinayak Developers,South & Central Pune,Katraj,,Dec 2027,12,2027,2 BHK,608,915,60 L - 1.05 Cr,0.60,1.05,~12 units,RERA not located,Low,link,
164,SBS Padmarang,SBS Properties,South & Central Pune,Katraj,,Mar 2027,3,2027,"1, 1.5, 2, 3 BHK",465,820,40 - 75 L,0.40,0.75,,RERA not located,Low,link,
165,Optima The Pavillion,Optima Realty,South & Central Pune,Ambegaon Budruk,P52100046868,Jul 2027,7,2027,"1, 2 BHK",410,700,38.95 - 66.5 L,0.39,0.67,154 units / 1 ac,"Structure 58%, external 80%",High,link,
166,Chandrangan Revanta,Chandrangan Buildcon,South & Central Pune,Ambegaon Budruk,P52100047502; P52100052736,Dec 2026,12,2026,"1, 2 BHK",394,736,35.85 - 62.63 L,0.36,0.63,125 units / 0.96 ac,Structure 50% (Nov 2025),High,link,
167,Venkatesh Anandmayi,Venkatesh Buildcon,South & Central Pune,Ambegaon Budruk,P52100055046,Sep 2026,9,2026,"1, 2 BHK",602,721,65 - 74 L,0.65,0.74,46 units / 0.54 ac,"UC, advanced",High,link,
168,D and T Kadam Heritage,D and T Properties,South & Central Pune,Dhankawadi,P52100054056,Dec 2027,12,2027,"1, 2 BHK",321,952,65 L - 1.21 Cr,0.65,1.21,135 units / 0.54 ac,Structure 75% (Nov 2025),High,link,
169,Shree Sushrut Residency,Shree Kaamdhenu Buildcon,South & Central Pune,Dhankawadi,,Dec 2026,12,2026,"1, 2 BHK",285,465,45 - 75 L,0.45,0.75,25 units / 0.11 ac,Compact / affordable; RERA not located,Low,link,
170,Sai Ramana Myra,Sai Nandan Group,South & Central Pune,Dhayari,P52100053249,Dec 2027,12,2027,"1, 2 BHK",402,677,39 - 63 L,0.39,0.63,160 units / 1.43 ac,Structure 79% (Nov 2025),High,link,
171,Amruta Vihar,Amruta Developers,South & Central Pune,Dhayari,,Dec 2027,12,2027,"1, 2 BHK",455,830,35 - 70 L,0.35,0.70,,RERA not located,Low,link,
172,Samriddhi Maitree Mega City,Samriddhi Group,South & Central Pune,Dhayari,,Dec 2027,12,2027,"1, 2 BHK",310,495,20 - 40 L,0.20,0.40,,Budget segment; RERA not located,Low,link,
173,Swamisamarth 7 Skye,Swamisamarth Buildcorp,South & Central Pune,Dhayari,,Jun 2027,6,2027,"1, 2 BHK",460,710,40 - 70 L,0.40,0.70,,RERA not located,Low,link,
174,Skyi Star City (Ph VI-VIII),SKYi,South & Central Pune,Dhayari,P52100053428; P52100053471; P52100078694,May 2027,5,2027,"1, 2, 3 BHK",560,"1,067",45 - 87 L,0.45,0.87,908 units / 20 ac,"Township - early phases delivered, later phases UC",Medium,link,
175,Parmeshwari Vrindavan,Parmeshwari Group,South & Central Pune,Warje-Malwadi,P52100051813,Jul 2027,7,2027,"1, 2, 3 BHK",400,"1,022",55 L - 1.25 Cr,0.55,1.25,70 units / 1.03 ac,Structure only 35% (Jul 2024) - watch pace,Medium,link,
176,Shubh Serenity,Shubh Developers,South & Central Pune,Warje-Malwadi,P52100053397,Jun 2027,6,2027,"2, 3 BHK",831,"1,201",1.03 - 1.47 Cr,1.03,1.47,37 units / 0.74 ac,Structure 68% (Nov 2025),Medium,link,
177,Satish Bora Libero,Satish Bora & Associates,South & Central Pune,Warje,,Dec 2026,12,2026,"2, 3 BHK + PH",813,"2,364",81 L - 2.15 Cr,0.81,2.15,237 units / 1.29 ac,RERA not located,Low,link,
178,Taksh / Morya Le Phoenix,Taksh Buildcon (Morya Group),South & Central Pune,Warje,,Dec 2026,12,2026,2 BHK,890,890,70 - 75 L,0.70,0.75,24 units / 0.22 ac,RERA not located,Low,link,
179,Arham Spandan,Arham Landmarks,South & Central Pune,Warje,,Dec 2026,12,2026,"2, 2.5 BHK","1,100","1,385",1.10 - 1.40 Cr,1.10,1.40,,RERA not located,Low,link,
180,Dharmavat Sunder Srushti,Dharmavat Group,South & Central Pune,Warje,,Dec 2026,12,2026,"2, 3 BHK",815,"1,150",1.05 - 1.65 Cr,1.05,1.65,,RERA not located,Low,link,
181,Tridal Samruddhi,Tridal Associates,South & Central Pune,Vadgaon Budruk,,Sep 2026,9,2026,"1, 2 BHK",470,780,60 L - 1.0 Cr,0.60,1.00,,RERA not located,Low,link,
182,Ashwamedh Sweet Home CHS,Ashwamedh Spaces,South & Central Pune,Erandwane (Pandurang Colony),P52100076987,Mar 2027,3,2027,"2, 3 BHK",860,"1,105",1.85 - 2.42 Cr,1.85,2.42,30 units / 0.25 ac,Structure 56% (Nov 2025),High,link,
183,Kotibhaskar Chandrabhaga,Kotibhaskar Group,South & Central Pune,Erandwane,P52100077614,Oct 2027,10,2027,2 BHK,880,880,2.60 Cr+,2.60,2.60,11 units / 0.3 ac,Structure only 20% (Nov 2025) - schedule risk,Medium,link,
184,Nirman Gulmohar,Nirman Developers,South & Central Pune,Erandwane,,Dec 2027,12,2027,"1, 2, 3, 4 BHK",780,"1,390",1.20 - 4.11 Cr,1.20,4.11,6 units / 0.17 ac,Boutique redevelopment; RERA not located,Low,link,
185,Lagoo Gangadhar,Lagoo Apte Developers,South & Central Pune,Erandwane,,Mar 2027,3,2027,"1, 3, 4 BHK",470,"1,235",1.35 - 3.50 Cr,1.35,3.50,,RERA not located,Low,link,
186,Samarth Om Residency,Samarth Builders,South & Central Pune,Erandwane / Bhusari Colony,,Dec 2027,12,2027,"1, 2 BHK",480,690,70 L - 1.20 Cr,0.70,1.20,,RERA not located,Low,link,
187,Nirman Shreyas,Nirman Developers / Priveus Projects LLP,South & Central Pune,Shivajinagar,P52100054302,Dec 2027,12,2027,"2, 3 BHK",662,"1,038",1.47 - 2.30 Cr,1.47,2.30,84 units / 0.53 ac,"Structure 42%, finishing 3% (Nov 2025) - tight",Medium,link,
188,Pandit Mayflower,Pandit Javdekar,South & Central Pune,Shivajinagar / Model Colony,,Jun 2027,6,2027,"3, 4 BHK","1,550","2,450",4.10 - 6.50 Cr,4.10,6.50,,Luxury; RERA not located,Low,link,
189,Angal Saraswati Niwas,Angal & Co,South & Central Pune,Shivajinagar,,Nov 2027,11,2027,3 BHK,"1,230","1,240",2.45 - 2.50 Cr,2.45,2.50,,RERA not located,Low,link,
190,SK Fortune Kusum,SK Fortune Group,South & Central Pune,Shivajinagar,,Dec 2027,12,2027,"3, 5 BHK","1,150","2,520",3.50 - 8.00 Cr,3.50,8.00,,Luxury; RERA not located,Low,link,
191,CK Dinmanee,Chaphalkar Karandikar,South & Central Pune,Shivajinagar,,Dec 2027,12,2027,3 BHK,"1,050","1,350",2.40 - 3.40 Cr,2.40,3.40,,RERA not located,Low,link,
192,Neelsidhi The Luxe,Neelsidhi Builders,South & Central Pune,Shivajinagar,,Dec 2027,12,2027,4 BHK,"1,240","1,890",3.00 - 4.60 Cr,3.00,4.60,,Luxury; RERA not located,Low,link,
193,Kotibhaskar Aparnali,Kotibhaskar Infrastructure,South & Central Pune,Shivajinagar,,Dec 2027,12,2027,"1 RK, 2, 3 BHK",500,"1,445",85 L - 2.60 Cr,0.85,2.60,,RERA not located,Low,link,
194,Manav Midtown One,Manav Group,South & Central Pune,Camp / Rasta Peth,P52100048789,Dec 2026,12,2026,"1, 2 BHK",353,691,50.6 L+,0.51,0.51,126 units / 0.34 ac,Near-complete structure,High,link,
195,Vimond Vivencia,Vimond Realty,South & Central Pune,Koregaon Park,,Dec 2026,12,2026,"2, 3, 4 BHK",890,"1,555",2.00 - 3.50 Cr,2.00,3.50,,Luxury; RERA not located,Low,link,
196,Mangalam Life Park,Mangalam Landmark,North Pune / PCMC,Dudulgaon (Moshi belt),P52100047611,Oct 2027,10,2027,"2, 3 BHK",653,759,50.7 - 59.9 L,0.51,0.60,1010 units / 4.92 ac,"Structure 85%, external 90%, internal 45% (Nov 2025)",High,link,
197,Kesar High Street,Kesar Group,North Pune / PCMC,Moshi,P52100029284; P52100077044,Dec 2027,12,2027,"2, 3 BHK",628,822,53.4 - 69.9 L,0.53,0.70,336 units / 0.99 ac,Phase 1 complete; P52100077044 is the live UC leg,Medium,link,
198,Global Platinum City Light,Global Properties Pune,North Pune / PCMC,Moshi,,Dec 2027,12,2027,"1, 2, 3 BHK",,,31.91 L+,0.32,0.32,,RERA not located,Medium,link,
199,Shree Sai Renuka Nilay,Shree Sai Developers Moshi,North Pune / PCMC,Moshi,,Dec 2027,12,2027,"1, 2 BHK",,,33.27 L+,0.33,0.33,,RERA not located,Medium,link,
200,Kasata Kesar Highstreet C Building,Kasata Properties,North Pune / PCMC,Moshi,,Dec 2027,12,2027,"2, 3 BHK",,,On request,,,,RERA not located,Medium,link,
201,Siddhi The Address,Ellora & Siddhi Group,North Pune / PCMC,Moshi,,2026,,2026,"1, 2, 2.5, 3 BHK",,,47.62 L+,0.48,0.48,,Month not stated on source,Low,link,
202,Saste Samarth Classic,Saste Patil Developers,North Pune / PCMC,Moshi,,Dec 2026,12,2026,"1, 2 BHK",,,On request,,,,RERA not located,Medium,link,
203,GL Skylark,GL Properties Pune,North Pune / PCMC,Moshi,,Dec 2026,12,2026,"1, 2 BHK",,,On request,,,,RERA not located,Medium,link,
204,Mrunali Sai Fortune,Mrunali Realty LLP,North Pune / PCMC,Moshi,,Dec 2026,12,2026,"2, 3 BHK",,,On request,,,,RERA not located,Medium,link,
205,Nakoda Castle Gate (A + B),Nakoda Developers,North Pune / PCMC,Chikhali (nr Talwade IT Park),P52100046766; P52100051321,Dec 2027,12,2027,"1, 2 BHK",364,686,30.25 - 57 L,0.30,0.57,283 units / 1.19 ac,Structure 69% (Nov 2025),High,link,
206,Vishwa Kohinoor City 1 & 2,Vishwa Developers,North Pune / PCMC,Chikhali,P52100049952,Dec 2027,12,2027,"1, 2, 3 BHK",444,"1,732",33.38 L - 1.30 Cr,0.33,1.30,127 units / 0.73 ac,Under construction,High,link,
207,Pristine Prosperia Part 2,Pristine Properties,North Pune / PCMC,Chikhali,P52100049110,Dec 2027,12,2027,"1, 2 BHK",260,492,21.32 - 40.34 L,0.21,0.40,468 units / 4.45 ac,"Part 1 partially ready; Part 2 external 52%, internal 58%",High,link,
208,Pristine Square One,Pristine Properties,North Pune / PCMC,Chikhali,P52100033179,Dec 2026,12,2026,1 BHK,294,456,On request,,,37 units / 0.29 ac,UC; ~70% of units booked,High,link,
209,Mahalaxmi New Era,Mahalaxmi Infraestate,North Pune / PCMC,Chikhali,,Dec 2026,12,2026,"1, 2 BHK",,,On request,,,,RERA not located,Medium,link,
210,VTB Om Sai Avenue,VTB Realties,North Pune / PCMC,Chikhali,,Dec 2026,12,2026,"1, 3 BHK",,,On request,,,,RERA not located,Medium,link,
211,Paras Prasanna Paradise,Paras Properties,North Pune / PCMC,Chikhali,,Sep 2026,9,2026,"1, 2 BHK",,,On request,,,,RERA not located,Medium,link,
212,Pruthvi Misty Park,Pruthvi Developers Pune,North Pune / PCMC,Chikhali,,Dec 2026,12,2026,"2, 3 BHK",,,On request,,,,RERA not located,Medium,link,
213,Pride World City - Wellington,Pride Group,North Pune / PCMC,Charholi Budruk,P52100032380; P52100045786; P52100052379; P52100031008; P52100048477; P52100054534,Sep 2026,9,2026,"2, 3, 4 BHK",785,"1,310",84.74 L - 1.41 Cr,0.85,1.41,1834 units / 400-ac township,Structure 94% (Nov 2025); partially ready-to-move,High,link,
214,"R P Boston (A, B, C)",Pride Builders LLP,North Pune / PCMC,Charholi,,Dec 2026,12,2026,"1, 2 BHK",490,631,On request,,,,RERA not located,Medium,link,
215,Pragati Divine City Ph 1 Bldg B,Pragati Realty,North Pune / PCMC,Charholi,,Feb 2027,2,2027,2 BHK,533,621,On request,,,,RERA not located,Medium,link,
216,Siddhivinayak Exotica,Avis Group + Siddhivinayak,North Pune / PCMC,Bhosari,,Dec 2026,12,2026,"1, 2, 3 BHK",539,930,On request,,,,RERA not located,Medium,link,
217,Samarth Mrudula Residency,Samarth Associates Pune,North Pune / PCMC,Bhosari,,Sep 2026,9,2026,"1 RK, 1 BHK",218,582,24.6 L+,0.25,0.25,,RERA not located,Medium,link,
218,Tirupathi Shrikisan Enclave,Tirupathi Properties,North Pune / PCMC,Bhosari,,Jul 2027,7,2027,1 RK,674,674,On request,,,,1RK-only stock; RERA not located,Medium,link,
219,Kamalraj Devgiri,Kamalraj Realtors,North Pune / PCMC,"Vijay Nagar, Dighi",,Dec 2026,12,2026,"1, 2 BHK",476,646,On request,,,,RERA not located,Medium,link,
220,Shreeyash Madhav Park,Shreeyash Builders,North Pune / PCMC,Dighi,,Dec 2026,12,2026,"1, 2 BHK",296,486,30 L+,0.30,0.30,,RERA not located,Medium,link,
221,Yashashree Mauli Prastha,Yashashree Promoters,North Pune / PCMC,Dighi,,Dec 2026,12,2026,"1, 2, 3 BHK",388,698,On request,,,,RERA not located,Medium,link,
222,S K Sudiksha Landmark,S K Buildcon,North Pune / PCMC,Alandi,,Dec 2026,12,2026,2 BHK,368,376,On request,,,,RERA not located,Medium,link,
223,Calyx Atulya Raghukul Bldg C,Calyx Constructions,North Pune / PCMC,Alandi,,Dec 2026,12,2026,"1, 2 BHK",232,377,14.44 - 23.97 L,0.14,0.24,,RERA not located,Medium,link,
224,Indrayani Tower,Nandkumar P. Kurhade,North Pune / PCMC,Alandi,,Dec 2027,12,2027,2 BHK,223,614,On request,,,,RERA not located,Medium,link,
225,Kate Siddhivinayak Residency,Kate Builders,North Pune / PCMC,Chakan,,Mar 2027,3,2027,"1, 2 BHK",354,544,On request,,,,RERA not located,Medium,link,
226,Dnyanada City & Commercial Centre,Dnyanada Builders,North Pune / PCMC,Chakan,,Dec 2027,12,2027,1 RK - 3 BHK,309,"1,289",18.86 - 78.74 L,0.19,0.79,,Mixed residential/commercial; RERA not located,Medium,link,
227,Swami Kalpavruksh Heights,Swami Samarth Buildcon,North Pune / PCMC,Chakan,,Dec 2027,12,2027,"1, 2 BHK",315,681,On request,,,,RERA not located,Medium,link,
228,Bhagyalaxmi Mangalam Aura,Bhagyalaxmi Constructions,North Pune / PCMC,Chakan,,Dec 2027,12,2027,"1, 2 BHK",421,600,On request,,,,RERA not located,Medium,link,
229,Sara City C4,Sara Group,North Pune / PCMC,Chakan,,Dec 2027,12,2027,1 BHK,279,310,On request,,,,RERA not located,Medium,link,
230,B R Swapnapurti Heights,B R Developers,North Pune / PCMC,Chakan,,Oct 2026,10,2026,1 BHK,470,485,21.23 - 21.93 L,0.21,0.22,,RERA not located,Medium,link,
231,Jagdamba Shree Samarth Shrushti,Jagdamba Developers,North Pune / PCMC,Chakan,,Sep 2026,9,2026,1 BHK,369,445,26 - 31.36 L,0.26,0.31,,RERA not located,Medium,link,
232,Mahindra Nestalgia,Mahindra Lifespaces,North Pune / PCMC,Pimpri,P52100045784; P52100048473,Aug 2027,8,2027,"1, 2, 3 BHK",452,978,74.58 L - 1.61 Cr,0.75,1.61,498 units / 3.82 ac,Partially ready-to-move; later towers still UC,High,link,
233,Yashada Vivanta Vantage Twenty One,Yashada Realty,North Pune / PCMC,Pimpri / Pimple Saudagar,P52100022932,Oct 2027,10,2027,"3, 4 BHK",717,"1,755",1.30 - 3.19 Cr,1.30,3.19,250 units / 2.8 ac,Structure ~95% (Feb 2025),High,link,
234,Legacy The Statement,Legacy Lifespaces,North Pune / PCMC,Pimple Saudagar,P52100048004,Mar 2027,3,2027,"3, 4 BHK","1,455","2,157",2.50 - 3.55 Cr,2.50,3.55,145 units,Structure 50% (Nov 2025) - tight vs Mar 2027,Medium,link,
235,P K Hillcrest,P K Group,North Pune / PCMC,Pimple Saudagar (Kunal Icon Rd),,Nov 2027,11,2027,"3, 4 BHK",980,"1,438",On request,,,,RERA not located,Medium,link,
236,Govind Presidential Tower,Govind Raviraj Developers LLP,North Pune / PCMC,Pimple Saudagar (Kunal Icon Rd),,Dec 2026,12,2026,"3, 4 BHK","1,242","1,554",On request,,,,RERA not located,Medium,link,
237,Codename Vardhaman Skytown,Vardhaman Spaces,North Pune / PCMC,Pimple Saudagar (Ram Nagar),,Dec 2027,12,2027,"2, 3 BHK",701,"1,081",On request,,,,Recently launched; RERA not located,Medium,link,
238,Siddhis Sapphire Homes,Siddhis Venture,North Pune / PCMC,Pimple Saudagar,,Dec 2027,12,2027,3 BHK,"1,005","1,148",1.34 - 1.53 Cr,1.34,1.53,,RERA not located,Medium,link,
239,Shwetayan Solitaire,Shwetayan Realty,North Pune / PCMC,Pimple Gurav,,Jun 2027,6,2027,2 BHK,815,819,On request,,,,RERA not located,Medium,link,
240,Legacy Kairos,Legacy Lifespaces,North Pune / PCMC,Rahatani,P52100047999; P52100047901,Mar 2027,3,2027,"2, 3, 4 BHK",832,"1,591",1.22 - 2.40 Cr,1.22,2.40,192 units / 5 ac,"Structure 80%, internal 15% (Feb 2025)",High,link,
241,Varad Classic,Vinay Sudam Kunjir,North Pune / PCMC,Rahatani,,Mar 2027,3,2027,2 BHK,650,693,54.32 L+,0.54,0.54,,RERA not located,Medium,link,
242,Signature Ritz,Shree Sonigara Developers,North Pune / PCMC,Thergaon (Jai Hind Nagar),,Dec 2026,12,2026,"3, 4 BHK","1,022","1,571",1.10 Cr+,1.10,1.10,,RERA not located,Medium,link,
243,S K Shiny Gold,S K Infra Pune,North Pune / PCMC,Nigdi (Sector 32),,Dec 2026,12,2026,"2, 3 BHK",720,"1,102",76.70 L+,0.77,0.77,,RERA not located,Medium,link,
244,Vasant Estella,Vasant Realty,North Pune / PCMC,Akurdi,P52100046270,Dec 2026,12,2026,"2, 3 BHK",759,"1,074",91.87 L - 2.50 Cr,0.92,2.50,124 units / 1.07 ac,"Structure 79%, external 50% (Apr 2025)",High,link,
245,Matrix One Platinum,Matrix Developers,North Pune / PCMC,Akurdi,,Dec 2026,12,2026,"1, 2, 3 BHK",454,987,On request,,,,RERA not located,Medium,link,
246,My Home Akurdi,Not identified,North Pune / PCMC,Akurdi,,Dec 2027,12,2027,"2, 3 BHK",781,"1,126",76.57 L+,0.77,0.77,,Developer and RERA unverified,Low,link,
247,Mantra Meraki Ph 5 & 7,Mantra Properties,North Pune / PCMC,Akurdi,P52100034671; P52100034738,Dec 2027,12,2027,"1, 2, 3 BHK",,,On request,,,,"Marketed Dec 2026, RERA Dec 2027; partially ready-to-move - borderline",Conflict,link,
248,Naiknavare Aranya,Naiknavare Developers,North Pune / PCMC,Talegaon Dabhade,P52100052216,Mar 2027,3,2027,"1, 2 BHK",366,614,26.64 - 47 L,0.27,0.47,333 units / 1.28 ac,Last published progress: structure 23% (Mar 2024) - Mar 2027 looks at risk,Medium,link,
249,Namrata Sarvam,Namrata Group,North Pune / PCMC,Talegaon Dabhade,,Dec 2027,12,2027,"1, 2, 3 BHK",431,904,26.55 - 58 L,0.27,0.58,,Later wings run to Jun 2028; RERA not located,Medium,link,
250,Namrata Sarvam Wing G & J,Namrata Group,North Pune / PCMC,Talegaon Dabhade,,Dec 2027,12,2027,"1, 2 BHK",388,624,On request,,,,RERA not located,Medium,link,
251,KBD Prospera Paradise Ph II,KBD Group,North Pune / PCMC,Talegaon Dabhade,,Dec 2027,12,2027,"1 RK, 1 BHK",221,364,12 - 23.64 L,0.12,0.24,,RERA not located,Medium,link,
252,Adinath Aashray,Adinath Builders Pune,North Pune / PCMC,Talegaon Dabhade,,Mar 2027,3,2027,2 BHK,644,692,On request,,,,RERA not located,Medium,link,
253,Aadinath Avenue,Aadinath Associates Pune,North Pune / PCMC,Talegaon Dabhade,,Dec 2026,12,2026,"1, 2 BHK + shops",137,572,On request,,,,RERA not located,Medium,link,
254,Silver Arch,MGR Infra,North Pune / PCMC,Talegaon Dabhade,,Dec 2026,12,2026,2 BHK,583,644,40.56 - 44.42 L,0.41,0.44,,RERA not located,Medium,link,
255,Shrivar Girivar Residency,Shrivar Builders LLP,North Pune / PCMC,Talegaon Dabhade,,Dec 2026,12,2026,1 BHK,362,400,25.39 - 27.54 L,0.25,0.28,,RERA not located,Medium,link,
256,Luxuria,Uttam Group,North Pune / PCMC,Talegaon Dabhade,,Aug 2026,8,2026,"2, 3 BHK",603,842,37.36 - 52.17 L,0.37,0.52,,RERA not located,Medium,link,